{"rmse": 0.6102336298796752, "r2": 0.4301733064914427, "label_column": "quality"}